{
  "project_info": {
    "project_number": "784216680385",
    "firebase_url": "https://alonesad-7fcb1-default-rtdb.firebaseio.com",
    "project_id": "alonesad-7fcb1",
    "storage_bucket": "alonesad-7fcb1.appspot.com"
  },
  "client": [
    {
      "client_info": {
        "mobilesdk_app_id": "1:784216680385:android:943c30512f89408d82b140",
        "android_client_info": {
          "package_name": "com.black.vip"
        }
      },
      "oauth_client": [],
      "api_key": [
        {
          "current_key": "AIzaSyCgQRE_-48DE6mO5rkeIoamLkBlJsvjRFs"
        }
      ],
      "services": {
        "appinvite_service": {
          "other_platform_oauth_client": []
        }
      }
    }
  ],
  "configuration_version": "1"
}