{"v":"5.5.6","fr":60,"ip":45,"op":225,"w":410,"h":410,"nm":"Stachi","ddd":0,"assets":[],"layers":[{"ddd":0,"ind":1,"ty":4,"nm":"BlueTriangle","sr":1,"ks":{"o":{"a":0,"k":100,"ix":11},"r":{"a":0,"k":0,"ix":10},"p":{"a":1,"k":[{"i":{"x":0.833,"y":0.833},"o":{"x":0.167,"y":0.167},"t":89,"s":[216.5,204.5,0],"to":[0.731,0,0],"ti":[-1.81,0,0]},{"i":{"x":0.833,"y":0.833},"o":{"x":0.167,"y":0.167},"t":106,"s":[235.733,204.5,0],"to":[2.319,0,0],"ti":[-0.936,0,0]},{"i":{"x":0.833,"y":0.833},"o":{"x":0.167,"y":0.167},"t":165,"s":[232.5,204.5,0],"to":[1.667,0,0],"ti":[-1.667,0,0]},{"t":180,"s":[216.5,204.5,0]}],"ix":2},"a":{"a":0,"k":[0,0,0],"ix":1},"s":{"a":1,"k":[{"i":{"x":[0.833,0.833,0.833],"y":[0.833,0.833,0.833]},"o":{"x":[0.167,0.167,0.167],"y":[0.167,0.167,0.167]},"t":89,"s":[50,50,100]},{"i":{"x":[0.833,0.833,0.833],"y":[0.833,0.833,0.833]},"o":{"x":[0.167,0.167,0.167],"y":[0.167,0.167,0.167]},"t":106,"s":[120,120,100]},{"i":{"x":[0.833,0.833,0.833],"y":[0.833,0.833,0.833]},"o":{"x":[0.167,0.167,0.167],"y":[0.167,0.167,0.167]},"t":165,"s":[120,120,100]},{"t":180,"s":[50,50,100]}],"ix":6}},"ao":0,"hasMask":true,"masksProperties":[{"inv":false,"mode":"a","pt":{"a":0,"k":{"i":[[0,0],[0,0],[0,0],[0,0]],"o":[[0,0],[0,0],[0,0],[0,0]],"v":[[-64.5,-73.53],[-64.5,73.617],[61.965,73.617],[61.965,-73.53]],"c":true},"ix":1},"o":{"a":0,"k":100,"ix":3},"x":{"a":0,"k":0,"ix":4},"nm":"ÐÐ°ÑÐºÐ° 1"}],"ef":[{"ty":5,"nm":"Ð¦Ð²ÐµÑÐ¾Ð²Ð°Ñ ÑÐºÐ°Ð»Ð° Ð³ÑÐ°Ð´Ð¸ÐµÐ½ÑÐ°","np":11,"mn":"ADBE Ramp","ix":1,"en":1,"ef":[{"ty":3,"nm":"ÐÐ°ÑÐ°Ð»Ð¾ Ð³ÑÐ°Ð´Ð¸ÐµÐ½ÑÐ°","mn":"ADBE Ramp-0001","ix":1,"v":{"a":0,"k":[205,0],"ix":1}},{"ty":2,"nm":"ÐÐ°ÑÐ°Ð»ÑÐ½ÑÐ¹ ÑÐ²ÐµÑ","mn":"ADBE Ramp-0002","ix":2,"v":{"a":0,"k":[0,0,0,1],"ix":2}},{"ty":3,"nm":"ÐÐ¾Ð½ÐµÑ Ð³ÑÐ°Ð´Ð¸ÐµÐ½ÑÐ°","mn":"ADBE Ramp-0003","ix":3,"v":{"a":0,"k":[205,410],"ix":3}},{"ty":2,"nm":"ÐÐ¾Ð½ÐµÑÐ½ÑÐ¹ ÑÐ²ÐµÑ","mn":"ADBE Ramp-0004","ix":4,"v":{"a":0,"k":[1,1,1,1],"ix":4}},{"ty":7,"nm":"Ð¤Ð¸Ð³ÑÑÐ° Ð³ÑÐ°Ð´Ð¸ÐµÐ½ÑÐ°","mn":"ADBE Ramp-0005","ix":5,"v":{"a":0,"k":1,"ix":5}},{"ty":0,"nm":"Ð Ð°ÑÑÐµÐ¸Ð²Ð°Ð½Ð¸Ðµ Ð³ÑÐ°Ð´Ð¸ÐµÐ½ÑÐ°","mn":"ADBE Ramp-0006","ix":6,"v":{"a":0,"k":0,"ix":6}},{"ty":0,"nm":"Ð¡Ð¼ÐµÑÐ°ÑÑ Ñ Ð¾ÑÐ¸Ð³Ð¸Ð½Ð°Ð»Ð¾Ð¼","mn":"ADBE Ramp-0007","ix":7,"v":{"a":0,"k":0,"ix":7}},{"ty":6,"nm":"","mn":"ADBE Ramp-0008","ix":8,"v":0},{"ty":7,"nm":"Ð ÐµÐ½Ð´ÐµÑÐ¸Ð½Ð³ Ñ Ð¸ÑÐ¿Ð¾Ð»ÑÐ·Ð¾Ð²Ð°Ð½Ð¸ÐµÐ¼ ÐÐ","mn":"ADBE Force CPU GPU","ix":9,"v":{"a":0,"k":1,"ix":9}}]},{"ty":5,"nm":"4-ÑÐ²ÐµÑÐ½ÑÐ¹ Ð³ÑÐ°Ð´Ð¸ÐµÐ½Ñ","np":16,"mn":"ADBE 4ColorGradient","ix":2,"en":1,"ef":[{"ty":6,"nm":"ÐÐ¾Ð»Ð¾Ð¶ÐµÐ½Ð¸Ñ Ð¸ ÑÐ²ÐµÑÐ°","mn":"ADBE 4ColorGradient-0011","ix":1,"v":0},{"ty":3,"nm":"Ð¢Ð¾ÑÐºÐ° 1","mn":"ADBE 4ColorGradient-0001","ix":2,"v":{"a":0,"k":[124,104],"ix":2}},{"ty":2,"nm":"Ð¦Ð²ÐµÑ 1","mn":"ADBE 4ColorGradient-0002","ix":3,"v":{"a":0,"k":[1,0.255897700787,0.441923260689,1],"ix":3}},{"ty":3,"nm":"Ð¢Ð¾ÑÐºÐ° 2","mn":"ADBE 4ColorGradient-0003","ix":4,"v":{"a":0,"k":[172,140],"ix":4}},{"ty":2,"nm":"Ð¦Ð²ÐµÑ 2","mn":"ADBE 4ColorGradient-0004","ix":5,"v":{"a":0,"k":[0.866666734219,0.396078467369,0.509803950787,1],"ix":5}},{"ty":3,"nm":"Ð¢Ð¾ÑÐºÐ° 3","mn":"ADBE 4ColorGradient-0005","ix":6,"v":{"a":0,"k":[174,264],"ix":6}},{"ty":2,"nm":"Ð¦Ð²ÐµÑ 3","mn":"ADBE 4ColorGradient-0006","ix":7,"v":{"a":0,"k":[0.506481409073,0.398253679276,1,1],"ix":7}},{"ty":3,"nm":"Ð¢Ð¾ÑÐºÐ° 4","mn":"ADBE 4ColorGradient-0007","ix":8,"v":{"a":0,"k":[283,211],"ix":8}},{"ty":2,"nm":"Ð¦Ð²ÐµÑ 4","mn":"ADBE 4ColorGradient-0008","ix":9,"v":{"a":0,"k":[0.345327794552,0.632045507431,1,1],"ix":9}},{"ty":6,"nm":"Ð¦Ð²ÐµÑ 4","mn":"ADBE 4ColorGradient-0012","ix":10,"v":0},{"ty":0,"nm":"Ð¡Ð¼ÐµÑÐµÐ½Ð¸Ðµ","mn":"ADBE 4ColorGradient-0009","ix":11,"v":{"a":0,"k":10,"ix":11}},{"ty":0,"nm":"ÐÐ¾Ð»ÐµÐ±Ð°Ð½Ð¸Ðµ","mn":"ADBE 4ColorGradient-0010","ix":12,"v":{"a":0,"k":0,"ix":12}},{"ty":0,"nm":"ÐÐµÐ¿ÑÐ¾Ð·ÑÐ°ÑÐ½Ð¾ÑÑÑ","mn":"ADBE 4ColorGradient-0013","ix":13,"v":{"a":0,"k":100,"ix":13}},{"ty":7,"nm":"Ð ÐµÐ¶Ð¸Ð¼ ÑÐ¼ÐµÑÐ¸Ð²Ð°Ð½Ð¸Ñ","mn":"ADBE 4ColorGradient-0014","ix":14,"v":{"a":0,"k":1,"ix":14}}]}],"shapes":[{"ty":"gr","it":[{"ind":0,"ty":"sh","ix":1,"ks":{"a":0,"k":{"i":[[0,0],[0,0],[0,0]],"o":[[0,0],[0,0],[0,0]],"v":[[-64.5,-75.5],[-64.5,75.5],[64.5,3.17]],"c":true},"ix":2},"nm":"ÐÐ¾Ð½ÑÑÑ 1","mn":"ADBE Vector Shape - Group","hd":false},{"ty":"rd","nm":"Ð¡ÐºÑÑÐ³Ð»ÐµÐ½Ð½ÑÐµ ÑÐ³Ð»Ñ 1","r":{"a":1,"k":[{"i":{"x":[0.833],"y":[0.833]},"o":{"x":[0.167],"y":[0.167]},"t":89,"s":[200]},{"i":{"x":[0.833],"y":[0.833]},"o":{"x":[0.167],"y":[0.167]},"t":106,"s":[5]},{"i":{"x":[0.833],"y":[0.833]},"o":{"x":[0.167],"y":[0.167]},"t":166,"s":[5]},{"t":180,"s":[200]}],"ix":1},"ix":2,"mn":"ADBE Vector Filter - RC","hd":false},{"ty":"fl","c":{"a":0,"k":[0.349019616842,0.623529434204,0.992156922817,1],"ix":4},"o":{"a":0,"k":100,"ix":5},"r":1,"bm":0,"nm":"ÐÐ°Ð»Ð¸Ð²ÐºÐ° 1","mn":"ADBE Vector Graphic - Fill","hd":false},{"ty":"tr","p":{"a":0,"k":[0,0],"ix":2},"a":{"a":0,"k":[0,0],"ix":1},"s":{"a":0,"k":[100,100],"ix":3},"r":{"a":0,"k":0,"ix":6},"o":{"a":0,"k":100,"ix":7},"sk":{"a":0,"k":0,"ix":4},"sa":{"a":0,"k":0,"ix":5},"nm":"ÐÑÐµÐ¾Ð±ÑÐ°Ð·Ð¾Ð²Ð°ÑÑ"}],"nm":"Path Copy","np":3,"cix":2,"bm":0,"ix":1,"mn":"ADBE Vector Group","hd":false}],"ip":89,"op":181,"st":15,"bm":0},{"ddd":0,"ind":2,"ty":4,"nm":"WhiteTriangle 2","sr":1,"ks":{"o":{"a":0,"k":100,"ix":11},"r":{"a":0,"k":0,"ix":10},"p":{"a":1,"k":[{"i":{"x":0.833,"y":0.833},"o":{"x":0.167,"y":0.167},"t":0,"s":[215.5,202.5,0],"to":[-2.667,0,0],"ti":[2.667,0,0]},{"i":{"x":0.833,"y":0.833},"o":{"x":0.167,"y":0.167},"t":20,"s":[231.5,202.5,0],"to":[-1.368,0,0],"ti":[2.667,0,0]},{"i":{"x":0.833,"y":0.833},"o":{"x":0.167,"y":0.167},"t":70,"s":[231.5,202.5,0],"to":[-1.368,0,0],"ti":[1.299,0,0]},{"t":89,"s":[215.5,202.5,0]}],"ix":2},"a":{"a":0,"k":[0,0,0],"ix":1},"s":{"a":1,"k":[{"i":{"x":[0.833,0.833,0.833],"y":[0.833,0.833,0.833]},"o":{"x":[0.167,0.167,0.167],"y":[0.167,0.167,0.167]},"t":0,"s":[50,50,100]},{"i":{"x":[0.833,0.833,0.833],"y":[0.833,0.833,0.833]},"o":{"x":[0.167,0.167,0.167],"y":[0.167,0.167,0.167]},"t":20,"s":[120,120,100]},{"i":{"x":[0.833,0.833,0.833],"y":[0.833,0.833,0.833]},"o":{"x":[0.167,0.167,0.167],"y":[0.167,0.167,0.167]},"t":70,"s":[120,120,100]},{"t":89,"s":[50,50,100]}],"ix":6}},"ao":0,"shapes":[{"ty":"gr","it":[{"ind":0,"ty":"sh","ix":1,"ks":{"a":0,"k":{"i":[[0,0],[0,0],[0,0]],"o":[[0,0],[0,0],[0,0]],"v":[[-64.5,-75.5],[-64.5,75.5],[64.5,3.17]],"c":true},"ix":2},"nm":"ÐÐ¾Ð½ÑÑÑ 1","mn":"ADBE Vector Shape - Group","hd":false},{"ty":"rd","nm":"Ð¡ÐºÑÑÐ³Ð»ÐµÐ½Ð½ÑÐµ ÑÐ³Ð»Ñ 1","r":{"a":1,"k":[{"i":{"x":[0.833],"y":[0.833]},"o":{"x":[0.167],"y":[0.167]},"t":0,"s":[200]},{"i":{"x":[0.833],"y":[0.833]},"o":{"x":[0.167],"y":[0.167]},"t":20,"s":[5]},{"i":{"x":[0.833],"y":[0.833]},"o":{"x":[0.167],"y":[0.167]},"t":70,"s":[5]},{"t":89,"s":[200]}],"ix":1},"ix":2,"mn":"ADBE Vector Filter - RC","hd":false},{"ty":"fl","c":{"a":0,"k":[1,1,1,1],"ix":4},"o":{"a":0,"k":100,"ix":5},"r":1,"bm":0,"nm":"ÐÐ°Ð»Ð¸Ð²ÐºÐ° 1","mn":"ADBE Vector Graphic - Fill","hd":false},{"ty":"tr","p":{"a":0,"k":[0,0],"ix":2},"a":{"a":0,"k":[0,0],"ix":1},"s":{"a":0,"k":[100,100],"ix":3},"r":{"a":0,"k":0,"ix":6},"o":{"a":0,"k":100,"ix":7},"sk":{"a":0,"k":0,"ix":4},"sa":{"a":0,"k":0,"ix":5},"nm":"ÐÑÐµÐ¾Ð±ÑÐ°Ð·Ð¾Ð²Ð°ÑÑ"}],"nm":"Path Copy","np":3,"cix":2,"bm":0,"ix":1,"mn":"ADBE Vector Group","hd":false}],"ip":0,"op":89,"st":-570,"bm":0},{"ddd":0,"ind":3,"ty":4,"nm":"WhiteTriangle","sr":1,"ks":{"o":{"a":0,"k":100,"ix":11},"r":{"a":0,"k":0,"ix":10},"p":{"a":1,"k":[{"i":{"x":0.833,"y":0.833},"o":{"x":0.167,"y":0.167},"t":180,"s":[216.5,204.5,0],"to":[-2.667,0,0],"ti":[2.667,0,0]},{"i":{"x":0.833,"y":0.833},"o":{"x":0.167,"y":0.167},"t":200,"s":[231.5,202.5,0],"to":[-1.368,0,0],"ti":[2.667,0,0]},{"i":{"x":0.833,"y":0.833},"o":{"x":0.167,"y":0.167},"t":250,"s":[231.5,202.5,0],"to":[-1.368,0,0],"ti":[1.299,0,0]},{"t":269,"s":[215.5,202.5,0]}],"ix":2},"a":{"a":0,"k":[0,0,0],"ix":1},"s":{"a":1,"k":[{"i":{"x":[0.833,0.833,0.833],"y":[0.833,0.833,0.833]},"o":{"x":[0.167,0.167,0.167],"y":[0.167,0.167,0.167]},"t":180,"s":[50,50,100]},{"i":{"x":[0.833,0.833,0.833],"y":[0.833,0.833,0.833]},"o":{"x":[0.167,0.167,0.167],"y":[0.167,0.167,0.167]},"t":200,"s":[120,120,100]},{"i":{"x":[0.833,0.833,0.833],"y":[0.833,0.833,0.833]},"o":{"x":[0.167,0.167,0.167],"y":[0.167,0.167,0.167]},"t":250,"s":[120,120,100]},{"t":269,"s":[50,50,100]}],"ix":6}},"ao":0,"shapes":[{"ty":"gr","it":[{"ind":0,"ty":"sh","ix":1,"ks":{"a":0,"k":{"i":[[0,0],[0,0],[0,0]],"o":[[0,0],[0,0],[0,0]],"v":[[-64.5,-75.5],[-64.5,75.5],[64.5,3.17]],"c":true},"ix":2},"nm":"ÐÐ¾Ð½ÑÑÑ 1","mn":"ADBE Vector Shape - Group","hd":false},{"ty":"rd","nm":"Ð¡ÐºÑÑÐ³Ð»ÐµÐ½Ð½ÑÐµ ÑÐ³Ð»Ñ 1","r":{"a":1,"k":[{"i":{"x":[0.833],"y":[0.833]},"o":{"x":[0.167],"y":[0.167]},"t":180,"s":[200]},{"i":{"x":[0.833],"y":[0.833]},"o":{"x":[0.167],"y":[0.167]},"t":200,"s":[5]},{"i":{"x":[0.833],"y":[0.833]},"o":{"x":[0.167],"y":[0.167]},"t":250,"s":[5]},{"t":269,"s":[200]}],"ix":1},"ix":2,"mn":"ADBE Vector Filter - RC","hd":false},{"ty":"fl","c":{"a":0,"k":[1,1,1,1],"ix":4},"o":{"a":0,"k":100,"ix":5},"r":1,"bm":0,"nm":"ÐÐ°Ð»Ð¸Ð²ÐºÐ° 1","mn":"ADBE Vector Graphic - Fill","hd":false},{"ty":"tr","p":{"a":0,"k":[0,0],"ix":2},"a":{"a":0,"k":[0,0],"ix":1},"s":{"a":0,"k":[100,100],"ix":3},"r":{"a":0,"k":0,"ix":6},"o":{"a":0,"k":100,"ix":7},"sk":{"a":0,"k":0,"ix":4},"sa":{"a":0,"k":0,"ix":5},"nm":"ÐÑÐµÐ¾Ð±ÑÐ°Ð·Ð¾Ð²Ð°ÑÑ"}],"nm":"Path Copy","np":3,"cix":2,"bm":0,"ix":1,"mn":"ADBE Vector Group","hd":false}],"ip":180,"op":269,"st":-390,"bm":0},{"ddd":0,"ind":4,"ty":4,"nm":"Oval 2","sr":1,"ks":{"o":{"a":0,"k":100,"ix":11},"r":{"a":0,"k":0,"ix":10},"p":{"a":0,"k":[206,205,0],"ix":2},"a":{"a":0,"k":[0,0,0],"ix":1},"s":{"a":1,"k":[{"i":{"x":[0.667,0.667,0.667],"y":[1,1,1]},"o":{"x":[0.167,0.167,0.167],"y":[0.167,0.167,-3.333]},"t":89,"s":[30,30,100]},{"i":{"x":[0.667,0.667,0.667],"y":[1,1,1]},"o":{"x":[0.333,0.333,0.333],"y":[0,0,0]},"t":111,"s":[100,100,100]},{"i":{"x":[0.667,0.667,0.667],"y":[1,1,1]},"o":{"x":[0.333,0.333,0.333],"y":[0,0,0]},"t":128,"s":[120,120,100]},{"i":{"x":[0.667,0.667,0.667],"y":[1,1,1]},"o":{"x":[0.333,0.333,0.333],"y":[0,0,0]},"t":143,"s":[100,100,100]},{"i":{"x":[0.833,0.833,0.833],"y":[0.833,0.833,-3.615]},"o":{"x":[0.333,0.333,0.333],"y":[0,0,0]},"t":158,"s":[120,120,100]},{"t":180,"s":[30,30,100]}],"ix":6}},"ao":0,"shapes":[{"ty":"gr","it":[{"d":1,"ty":"el","s":{"a":0,"k":[336,336],"ix":2},"p":{"a":0,"k":[0,0],"ix":3},"nm":"ÐÐ¾Ð½ÑÑÑ ÑÐ»Ð»Ð¸Ð¿ÑÐ° 1","mn":"ADBE Vector Shape - Ellipse","hd":false},{"ty":"fl","c":{"a":0,"k":[1,1,1,1],"ix":4},"o":{"a":0,"k":100,"ix":5},"r":1,"bm":0,"nm":"ÐÐ°Ð»Ð¸Ð²ÐºÐ° 1","mn":"ADBE Vector Graphic - Fill","hd":false},{"ty":"tr","p":{"a":0,"k":[0,0],"ix":2},"a":{"a":0,"k":[0,0],"ix":1},"s":{"a":0,"k":[100,100],"ix":3},"r":{"a":0,"k":0,"ix":6},"o":{"a":0,"k":100,"ix":7},"sk":{"a":0,"k":0,"ix":4},"sa":{"a":0,"k":0,"ix":5},"nm":"ÐÑÐµÐ¾Ð±ÑÐ°Ð·Ð¾Ð²Ð°ÑÑ"}],"nm":"Oval","np":2,"cix":2,"bm":0,"ix":1,"mn":"ADBE Vector Group","hd":false}],"ip":89,"op":180,"st":-1,"bm":0},{"ddd":0,"ind":5,"ty":4,"nm":"Oval 3","sr":1,"ks":{"o":{"a":0,"k":100,"ix":11},"r":{"a":0,"k":0,"ix":10},"p":{"a":0,"k":[206,205,0],"ix":2},"a":{"a":0,"k":[0,0,0],"ix":1},"s":{"a":1,"k":[{"i":{"x":[0.667,0.667,0.667],"y":[1,1,1]},"o":{"x":[0.333,0.333,0.333],"y":[0,0,0]},"t":0,"s":[15,15,100]},{"i":{"x":[0.667,0.667,0.667],"y":[1,1,1]},"o":{"x":[0.333,0.333,0.333],"y":[0,0,0]},"t":20,"s":[100,100,100]},{"i":{"x":[0.667,0.667,0.667],"y":[1,1,1]},"o":{"x":[0.333,0.333,0.333],"y":[0,0,0]},"t":37,"s":[120,120,100]},{"i":{"x":[0.667,0.667,0.667],"y":[1,1,1]},"o":{"x":[0.333,0.333,0.333],"y":[0,0,0]},"t":53,"s":[100,100,100]},{"i":{"x":[0.833,0.833,0.833],"y":[0.833,0.833,-16.949]},"o":{"x":[0.333,0.333,0.333],"y":[0,0,0]},"t":70,"s":[120,120,100]},{"t":89,"s":[30,30,100]}],"ix":6}},"ao":0,"shapes":[{"ty":"gr","it":[{"d":1,"ty":"el","s":{"a":0,"k":[336,336],"ix":2},"p":{"a":0,"k":[0,0],"ix":3},"nm":"ÐÐ¾Ð½ÑÑÑ ÑÐ»Ð»Ð¸Ð¿ÑÐ° 1","mn":"ADBE Vector Shape - Ellipse","hd":false},{"ty":"fl","c":{"a":0,"k":[0.317647010088,0.568626999855,0.980391979218,1],"ix":4},"o":{"a":0,"k":100,"ix":5},"r":1,"bm":0,"nm":"ÐÐ°Ð»Ð¸Ð²ÐºÐ° 1","mn":"ADBE Vector Graphic - Fill","hd":false},{"ty":"tr","p":{"a":0,"k":[0,0],"ix":2},"a":{"a":0,"k":[0,0],"ix":1},"s":{"a":0,"k":[100,100],"ix":3},"r":{"a":0,"k":0,"ix":6},"o":{"a":0,"k":100,"ix":7},"sk":{"a":0,"k":0,"ix":4},"sa":{"a":0,"k":0,"ix":5},"nm":"ÐÑÐµÐ¾Ð±ÑÐ°Ð·Ð¾Ð²Ð°ÑÑ"}],"nm":"Oval","np":2,"cix":2,"bm":0,"ix":1,"mn":"ADBE Vector Group","hd":false}],"ip":0,"op":89,"st":-879,"bm":0},{"ddd":0,"ind":6,"ty":4,"nm":"Oval","sr":1,"ks":{"o":{"a":0,"k":100,"ix":11},"r":{"a":0,"k":0,"ix":10},"p":{"a":0,"k":[206,205,0],"ix":2},"a":{"a":0,"k":[0,0,0],"ix":1},"s":{"a":1,"k":[{"i":{"x":[0.667,0.667,0.667],"y":[1,1,1]},"o":{"x":[0.333,0.333,0.333],"y":[0,0,0]},"t":180,"s":[30,30,100]},{"i":{"x":[0.667,0.667,0.667],"y":[1,1,1]},"o":{"x":[0.333,0.333,0.333],"y":[0,0,0]},"t":200,"s":[100,100,100]},{"i":{"x":[0.667,0.667,0.667],"y":[1,1,1]},"o":{"x":[0.333,0.333,0.333],"y":[0,0,0]},"t":217,"s":[120,120,100]},{"i":{"x":[0.667,0.667,0.667],"y":[1,1,1]},"o":{"x":[0.333,0.333,0.333],"y":[0,0,0]},"t":233,"s":[100,100,100]},{"i":{"x":[0.833,0.833,0.833],"y":[0.833,0.833,-16.949]},"o":{"x":[0.333,0.333,0.333],"y":[0,0,0]},"t":250,"s":[120,120,100]},{"t":269,"s":[30,30,100]}],"ix":6}},"ao":0,"shapes":[{"ty":"gr","it":[{"d":1,"ty":"el","s":{"a":0,"k":[336,336],"ix":2},"p":{"a":0,"k":[0,0],"ix":3},"nm":"ÐÐ¾Ð½ÑÑÑ ÑÐ»Ð»Ð¸Ð¿ÑÐ° 1","mn":"ADBE Vector Shape - Ellipse","hd":false},{"ty":"fl","c":{"a":0,"k":[0.317647010088,0.568626999855,0.980391979218,1],"ix":4},"o":{"a":0,"k":100,"ix":5},"r":1,"bm":0,"nm":"ÐÐ°Ð»Ð¸Ð²ÐºÐ° 1","mn":"ADBE Vector Graphic - Fill","hd":false},{"ty":"tr","p":{"a":0,"k":[0,0],"ix":2},"a":{"a":0,"k":[0,0],"ix":1},"s":{"a":0,"k":[100,100],"ix":3},"r":{"a":0,"k":0,"ix":6},"o":{"a":0,"k":100,"ix":7},"sk":{"a":0,"k":0,"ix":4},"sa":{"a":0,"k":0,"ix":5},"nm":"ÐÑÐµÐ¾Ð±ÑÐ°Ð·Ð¾Ð²Ð°ÑÑ"}],"nm":"Oval","np":2,"cix":2,"bm":0,"ix":1,"mn":"ADBE Vector Group","hd":false}],"ip":180,"op":269,"st":-699,"bm":0}],"markers":[]}