{"v":"5.3.4","fr":29.9700012207031,"ip":0,"op":69.0000028104276,"w":150,"h":150,"nm":"loading","ddd":0,"assets":[],"layers":[{"ddd":0,"ind":1,"ty":4,"nm":"mask","td":1,"sr":1,"ks":{"o":{"a":1,"k":[{"i":{"x":[0.667],"y":[1]},"o":{"x":[0.333],"y":[0]},"n":["0p667_1_0p333_0"],"t":0,"s":[100],"e":[60]},{"i":{"x":[0.667],"y":[1]},"o":{"x":[0.333],"y":[0]},"n":["0p667_1_0p333_0"],"t":15,"s":[60],"e":[100]},{"i":{"x":[0.667],"y":[1]},"o":{"x":[0.333],"y":[0]},"n":["0p667_1_0p333_0"],"t":30,"s":[100],"e":[60]},{"i":{"x":[0.667],"y":[1]},"o":{"x":[0.333],"y":[0]},"n":["0p667_1_0p333_0"],"t":45,"s":[60],"e":[100]},{"i":{"x":[0.667],"y":[1]},"o":{"x":[0.333],"y":[0]},"n":["0p667_1_0p333_0"],"t":60,"s":[100],"e":[60]},{"t":75.0000030548126}],"ix":11},"r":{"a":0,"k":0,"ix":10},"p":{"a":0,"k":[27,14.5,0],"ix":2},"a":{"a":0,"k":[0,-60,0],"ix":1},"s":{"a":1,"k":[{"i":{"x":[0,0,0.667],"y":[1,1,1]},"o":{"x":[0,0,0.333],"y":[0,0,0]},"n":["0_1_0_0","0_1_0_0","0p667_1_0p333_0"],"t":0,"s":[100,0,100],"e":[100,99,100]},{"i":{"x":[0.833,0.833,0.833],"y":[1,1,1]},"o":{"x":[1,1,0.167],"y":[0,0,0]},"n":["0p833_1_1_0","0p833_1_1_0","0p833_1_0p167_0"],"t":40,"s":[100,99,100],"e":[100,0,100]},{"t":57.0000023216576}],"ix":6}},"ao":0,"shapes":[{"ty":"gr","it":[{"ty":"rc","d":1,"s":{"a":0,"k":[80,120],"ix":2},"p":{"a":0,"k":[0,0],"ix":3},"r":{"a":0,"k":0,"ix":4},"nm":"path-mask-1","mn":"ADBE Vector Shape - Rect","hd":false},{"ty":"fl","c":{"a":0,"k":[0,0,0,1],"ix":4},"o":{"a":0,"k":100,"ix":5},"r":1,"nm":"fill-mask-1","mn":"ADBE Vector Graphic - Fill","hd":false},{"ty":"tr","p":{"a":0,"k":[0,0],"ix":2},"a":{"a":0,"k":[0,0],"ix":1},"s":{"a":0,"k":[100,100],"ix":3},"r":{"a":0,"k":0,"ix":6},"o":{"a":0,"k":100,"ix":7},"sk":{"a":0,"k":0,"ix":4},"sa":{"a":0,"k":0,"ix":5},"nm":"Ã£ÂÂÃ£ÂÂ©Ã£ÂÂ³Ã£ÂÂ¹Ã£ÂÂÃ£ÂÂ©Ã£ÂÂ¼Ã£ÂÂ "}],"nm":"rect-mask-1","np":2,"cix":2,"ix":1,"mn":"ADBE Vector Group","hd":false}],"ip":0,"op":180.00000733155,"st":0,"bm":0},{"ddd":0,"ind":2,"ty":4,"nm":"1","tt":1,"sr":1,"ks":{"o":{"a":0,"k":100,"ix":11},"r":{"a":0,"k":0,"ix":10},"p":{"a":0,"k":[31.28,74.311,0],"ix":2},"a":{"a":0,"k":[31.53,59.114,0],"ix":1},"s":{"a":0,"k":[100,100,100],"ix":6}},"ao":0,"shapes":[{"ind":0,"ty":"sh","ix":1,"ks":{"a":0,"k":{"i":[[0,0],[0,0],[0,0],[0,0]],"o":[[0,0],[0,0],[0,0],[0,0]],"v":[[30.902,0.376],[62.81,0.25],[32.158,117.851],[0.25,117.978]],"c":true},"ix":2},"nm":"rect","mn":"ADBE Vector Shape - Group","hd":false},{"ty":"gf","o":{"a":0,"k":100,"ix":10},"r":1,"g":{"p":3,"k":{"a":0,"k":[0,1,0.612,1,0.5,0.5,0.306,1,1,0,0,1],"ix":9}},"s":{"a":0,"k":[0,110],"ix":5},"e":{"a":0,"k":[0,0],"ix":6},"t":1,"nm":"fill-1","mn":"ADBE Vector Graphic - G-Fill","hd":false}],"ip":0,"op":91.000003706506,"st":0,"bm":0},{"ddd":0,"ind":3,"ty":4,"nm":"mask 2","td":1,"sr":1,"ks":{"o":{"a":1,"k":[{"i":{"x":[0.667],"y":[1]},"o":{"x":[0.333],"y":[0]},"n":["0p667_1_0p333_0"],"t":7,"s":[100],"e":[60]},{"i":{"x":[0.667],"y":[1]},"o":{"x":[0.333],"y":[0]},"n":["0p667_1_0p333_0"],"t":22,"s":[60],"e":[100]},{"i":{"x":[0.667],"y":[1]},"o":{"x":[0.333],"y":[0]},"n":["0p667_1_0p333_0"],"t":37,"s":[100],"e":[60]},{"i":{"x":[0.667],"y":[1]},"o":{"x":[0.333],"y":[0]},"n":["0p667_1_0p333_0"],"t":52,"s":[60],"e":[100]},{"i":{"x":[0.667],"y":[1]},"o":{"x":[0.333],"y":[0]},"n":["0p667_1_0p333_0"],"t":67,"s":[100],"e":[60]},{"t":82.0000033399285}],"ix":11},"r":{"a":0,"k":0,"ix":10},"p":{"a":0,"k":[72.5,32.5,0],"ix":2},"a":{"a":0,"k":[0,-60,0],"ix":1},"s":{"a":1,"k":[{"i":{"x":[0,0,0.667],"y":[1,1,1]},"o":{"x":[0,0,0.333],"y":[0,0,0]},"n":["0_1_0_0","0_1_0_0","0p667_1_0p333_0"],"t":7,"s":[100,0,100],"e":[100,99,100]},{"i":{"x":[0.833,0.833,0.833],"y":[1,1,1]},"o":{"x":[1,1,0.167],"y":[0,0,0]},"n":["0p833_1_1_0","0p833_1_1_0","0p833_1_0p167_0"],"t":43,"s":[100,99,100],"e":[100,0,100]},{"t":60.0000024438501}],"ix":6}},"ao":0,"shapes":[{"ty":"gr","it":[{"ty":"rc","d":1,"s":{"a":0,"k":[80,120],"ix":2},"p":{"a":0,"k":[0,0],"ix":3},"r":{"a":0,"k":0,"ix":4},"nm":"path-mask-2","mn":"ADBE Vector Shape - Rect","hd":false},{"ty":"fl","c":{"a":0,"k":[0,0,0,1],"ix":4},"o":{"a":0,"k":100,"ix":5},"r":1,"nm":"fill-mask-2","mn":"ADBE Vector Graphic - Fill","hd":false},{"ty":"tr","p":{"a":0,"k":[0,0],"ix":2},"a":{"a":0,"k":[0,0],"ix":1},"s":{"a":0,"k":[100,100],"ix":3},"r":{"a":0,"k":0,"ix":6},"o":{"a":0,"k":100,"ix":7},"sk":{"a":0,"k":0,"ix":4},"sa":{"a":0,"k":0,"ix":5},"nm":"Ã£ÂÂÃ£ÂÂ©Ã£ÂÂ³Ã£ÂÂ¹Ã£ÂÂÃ£ÂÂ©Ã£ÂÂ¼Ã£ÂÂ "}],"nm":"rect-mask-2","np":2,"cix":2,"ix":1,"mn":"ADBE Vector Group","hd":false}],"ip":7.00000028511585,"op":187.000007616666,"st":7.00000028511585,"bm":0},{"ddd":0,"ind":4,"ty":4,"nm":"2","tt":1,"sr":1,"ks":{"o":{"a":0,"k":100,"ix":11},"r":{"a":0,"k":0,"ix":10},"p":{"a":0,"k":[68.526,91.757,0],"ix":2},"a":{"a":0,"k":[31.474,59.114,0],"ix":1},"s":{"a":0,"k":[100,100,100],"ix":6}},"ao":0,"shapes":[{"ind":0,"ty":"sh","ix":1,"ks":{"a":0,"k":{"i":[[0,0],[0,0],[0,0],[0,0]],"o":[[0,0],[0,0],[0,0],[0,0]],"v":[[30.902,0.376],[62.699,0.25],[32.047,117.852],[0.25,117.977]],"c":true},"ix":2},"nm":"rect2","mn":"ADBE Vector Shape - Group","hd":false},{"ty":"gf","o":{"a":0,"k":100,"ix":10},"r":1,"g":{"p":3,"k":{"a":0,"k":[0,0.953,1,0.498,0.5,0.976,0.806,0.714,1,1,0.612,0.929],"ix":9}},"s":{"a":0,"k":[0,110],"ix":5},"e":{"a":0,"k":[0,10],"ix":6},"t":1,"nm":"fill2","mn":"ADBE Vector Graphic - G-Fill","hd":false}],"ip":0,"op":91.000003706506,"st":0,"bm":0},{"ddd":0,"ind":5,"ty":4,"nm":"mask 3","td":1,"sr":1,"ks":{"o":{"a":0,"k":100,"ix":11},"r":{"a":0,"k":0,"ix":10},"p":{"a":0,"k":[123,0.5,0],"ix":2},"a":{"a":0,"k":[0,-60,0],"ix":1},"s":{"a":1,"k":[{"i":{"x":[0,0,0.667],"y":[1,1,1]},"o":{"x":[0,0,0.333],"y":[0,0,0]},"n":["0_1_0_0","0_1_0_0","0p667_1_0p333_0"],"t":15,"s":[100,0,100],"e":[100,99,100]},{"i":{"x":[0.833,0.833,0.833],"y":[1,1,1]},"o":{"x":[1,1,0.167],"y":[0,0,0]},"n":["0p833_1_1_0","0p833_1_1_0","0p833_1_0p167_0"],"t":45,"s":[100,99,100],"e":[100,0,100]},{"t":62.0000025253118}],"ix":6}},"ao":0,"shapes":[{"ty":"gr","it":[{"ty":"rc","d":1,"s":{"a":0,"k":[80,120],"ix":2},"p":{"a":0,"k":[0,0],"ix":3},"r":{"a":0,"k":0,"ix":4},"nm":"path-mask-3","mn":"ADBE Vector Shape - Rect","hd":false},{"ty":"fl","c":{"a":0,"k":[0,0,0,1],"ix":4},"o":{"a":0,"k":100,"ix":5},"r":1,"nm":"fill-mask-3","mn":"ADBE Vector Graphic - Fill","hd":false},{"ty":"tr","p":{"a":0,"k":[0,0],"ix":2},"a":{"a":0,"k":[0,0],"ix":1},"s":{"a":0,"k":[100,100],"ix":3},"r":{"a":0,"k":0,"ix":6},"o":{"a":0,"k":100,"ix":7},"sk":{"a":0,"k":0,"ix":4},"sa":{"a":0,"k":0,"ix":5},"nm":"Ã£ÂÂÃ£ÂÂ©Ã£ÂÂ³Ã£ÂÂ¹Ã£ÂÂÃ£ÂÂ©Ã£ÂÂ¼Ã£ÂÂ "}],"nm":"rect-mask-3","np":2,"cix":2,"ix":1,"mn":"ADBE Vector Group","hd":false}],"ip":15.0000006109625,"op":195.000007942513,"st":15.0000006109625,"bm":0},{"ddd":0,"ind":6,"ty":4,"nm":"3","tt":1,"sr":1,"ks":{"o":{"a":1,"k":[{"i":{"x":[0.667],"y":[1]},"o":{"x":[0.333],"y":[0]},"n":["0p667_1_0p333_0"],"t":15,"s":[100],"e":[60]},{"i":{"x":[0.667],"y":[1]},"o":{"x":[0.333],"y":[0]},"n":["0p667_1_0p333_0"],"t":30,"s":[60],"e":[100]},{"i":{"x":[0.667],"y":[1]},"o":{"x":[0.333],"y":[0]},"n":["0p667_1_0p333_0"],"t":45,"s":[100],"e":[60]},{"i":{"x":[0.667],"y":[1]},"o":{"x":[0.333],"y":[0]},"n":["0p667_1_0p333_0"],"t":60,"s":[60],"e":[100]},{"i":{"x":[0.667],"y":[1]},"o":{"x":[0.333],"y":[0]},"n":["0p667_1_0p333_0"],"t":75,"s":[100],"e":[60]},{"t":90.0000036657751}],"ix":11},"r":{"a":0,"k":0,"ix":10},"p":{"a":0,"k":[118.72,59.485,0],"ix":2},"a":{"a":0,"k":[31.53,59.115,0],"ix":1},"s":{"a":0,"k":[100,100,100],"ix":6}},"ao":0,"shapes":[{"ind":0,"ty":"sh","ix":1,"ks":{"a":0,"k":{"i":[[0,0],[0,0],[0,0],[0,0]],"o":[[0,0],[0,0],[0,0],[0,0]],"v":[[30.902,0.377],[62.81,0.25],[32.158,117.852],[0.25,117.979]],"c":true},"ix":2},"nm":"rect3","mn":"ADBE Vector Shape - Group","hd":false},{"ty":"gf","o":{"a":0,"k":100,"ix":10},"r":1,"g":{"p":3,"k":{"a":0,"k":[0,0.498,1,0.867,0.5,0.457,0.725,0.933,1,0.416,0.451,1],"ix":9}},"s":{"a":0,"k":[0,110],"ix":5},"e":{"a":0,"k":[0,10],"ix":6},"t":1,"nm":"fill3","mn":"ADBE Vector Graphic - G-Fill","hd":false}],"ip":0,"op":91.000003706506,"st":0,"bm":0}],"markers":[]}