{"v":"5.5.8","fr":29.9700012207031,"ip":0,"op":60.0000024438501,"w":300,"h":300,"nm":"bell-ae","ddd":0,"assets":[],"layers":[{"ddd":0,"ind":1,"ty":4,"nm":"bell-ae Outlines","sr":1,"ks":{"o":{"a":0,"k":100,"ix":11},"r":{"a":0,"k":0,"ix":10},"p":{"a":1,"k":[{"i":{"x":0.833,"y":0.833},"o":{"x":0.167,"y":0.167},"t":0,"s":[150,150,0],"to":[0,0,0],"ti":[0,0,0]},{"t":10.0000004073083,"s":[150,150,0]}],"ix":2},"a":{"a":0,"k":[150,150,0],"ix":1},"s":{"a":0,"k":[100,100,100],"ix":6}},"ao":0,"shapes":[{"ty":"gr","it":[{"ind":0,"ty":"sh","ix":1,"ks":{"a":0,"k":{"i":[[0,0],[15.609,11.374],[0,0],[-1.118,-22.969]],"o":[[-1.118,-19.179],[0,0],[18.511,14.276],[0,0]],"v":[[5.353,27.935],[-19.738,-17.898],[-9.702,-27.935],[19.738,27.935]],"c":true},"ix":2},"nm":"Path 1","mn":"ADBE Vector Shape - Group","hd":false},{"ty":"fl","c":{"a":0,"k":[0.234014488669,0.528500605564,0.666641773897,1],"ix":4},"o":{"a":0,"k":100,"ix":5},"r":1,"bm":0,"nm":"Fill 1","mn":"ADBE Vector Graphic - Fill","hd":false},{"ty":"tr","p":{"a":1,"k":[{"i":{"x":0.833,"y":0.833},"o":{"x":0.167,"y":0.167},"t":0,"s":[192.521,109.686],"to":[0,0],"ti":[0,0]},{"i":{"x":0.833,"y":0.833},"o":{"x":0.167,"y":0.167},"t":20,"s":[192.521,109.686],"to":[4.667,0],"ti":[0,0]},{"i":{"x":0.833,"y":0.833},"o":{"x":0.167,"y":0.167},"t":24,"s":[220.521,109.686],"to":[0,0],"ti":[0.004,0]},{"i":{"x":0.833,"y":0.833},"o":{"x":0.167,"y":0.167},"t":29,"s":[192.521,109.686],"to":[-0.004,0],"ti":[0,0]},{"i":{"x":0.833,"y":0.833},"o":{"x":0.167,"y":0.167},"t":34,"s":[220.5,109.686],"to":[0,0],"ti":[4.663,0]},{"t":38.0000015477717,"s":[192.521,109.686]}],"ix":2},"a":{"a":0,"k":[0,0],"ix":1},"s":{"a":1,"k":[{"i":{"x":[0.833,0.833],"y":[0.833,0.833]},"o":{"x":[0.167,0.167],"y":[0.167,0.167]},"t":0,"s":[0,0]},{"i":{"x":[0.833,0.833],"y":[0.833,0.833]},"o":{"x":[0.167,0.167],"y":[0.167,0.167]},"t":17,"s":[0,0]},{"i":{"x":[0.833,0.833],"y":[0.833,0.833]},"o":{"x":[0.167,0.167],"y":[0.167,0.167]},"t":24,"s":[100,100]},{"i":{"x":[0.833,0.833],"y":[0.833,0.833]},"o":{"x":[0.167,0.167],"y":[0.167,0.167]},"t":29,"s":[0,0]},{"i":{"x":[0.833,0.833],"y":[0.833,0.833]},"o":{"x":[0.167,0.167],"y":[0.167,0.167]},"t":34,"s":[100,100]},{"t":38.0000015477717,"s":[0,0]}],"ix":3},"r":{"a":0,"k":0,"ix":6},"o":{"a":1,"k":[{"i":{"x":[0.833],"y":[0.833]},"o":{"x":[0.167],"y":[0.167]},"t":0,"s":[0]},{"i":{"x":[0.833],"y":[0.833]},"o":{"x":[0.167],"y":[0.167]},"t":24,"s":[100]},{"i":{"x":[0.833],"y":[0.833]},"o":{"x":[0.167],"y":[0.167]},"t":29,"s":[0]},{"i":{"x":[0.833],"y":[0.833]},"o":{"x":[0.167],"y":[0.167]},"t":34,"s":[100]},{"t":38.0000015477717,"s":[0]}],"ix":7},"sk":{"a":0,"k":0,"ix":4},"sa":{"a":0,"k":0,"ix":5},"nm":"Transform"}],"nm":"right","np":2,"cix":2,"bm":0,"ix":1,"mn":"ADBE Vector Group","hd":false},{"ty":"gr","it":[{"ind":0,"ty":"sh","ix":1,"ks":{"a":0,"k":{"i":[[0,0],[1.114,-19.403],[0,0],[-18.516,14.276]],"o":[[-15.839,11.155],[0,0],[1.113,-22.969],[0,0]],"v":[[19.906,-17.898],[-5.52,27.935],[-19.906,27.935],[9.535,-27.935]],"c":true},"ix":2},"nm":"Path 1","mn":"ADBE Vector Shape - Group","hd":false},{"ty":"fl","c":{"a":0,"k":[0.234014488669,0.528500605564,0.666641773897,1],"ix":4},"o":{"a":0,"k":100,"ix":5},"r":1,"bm":0,"nm":"Fill 1","mn":"ADBE Vector Graphic - Fill","hd":false},{"ty":"tr","p":{"a":1,"k":[{"i":{"x":0.833,"y":0.833},"o":{"x":0.167,"y":0.167},"t":0,"s":[107.646,109.686],"to":[0,0],"ti":[0,0]},{"i":{"x":0.833,"y":0.833},"o":{"x":0.167,"y":0.167},"t":20,"s":[107.646,109.686],"to":[-4.667,0],"ti":[0,0]},{"i":{"x":0.833,"y":0.833},"o":{"x":0.167,"y":0.167},"t":24,"s":[79.646,109.686],"to":[0,0],"ti":[0.008,0]},{"i":{"x":0.833,"y":0.833},"o":{"x":0.167,"y":0.167},"t":29,"s":[107.646,109.686],"to":[-0.008,0],"ti":[0,0]},{"i":{"x":0.833,"y":0.833},"o":{"x":0.167,"y":0.167},"t":34,"s":[79.6,109.686],"to":[0,0],"ti":[-4.674,0]},{"t":38.0000015477717,"s":[107.646,109.686]}],"ix":2},"a":{"a":0,"k":[0,0],"ix":1},"s":{"a":1,"k":[{"i":{"x":[0.667,0.667],"y":[1,1]},"o":{"x":[0.167,0.167],"y":[0,0]},"t":0,"s":[0,0]},{"i":{"x":[0.667,0.667],"y":[1,1]},"o":{"x":[0.167,0.167],"y":[0.167,0.167]},"t":17,"s":[0,0]},{"i":{"x":[0.667,0.667],"y":[1,1]},"o":{"x":[0.167,0.167],"y":[0.167,0.167]},"t":24,"s":[100,100]},{"i":{"x":[0.667,0.667],"y":[1,1]},"o":{"x":[0.167,0.167],"y":[0.167,0.167]},"t":29,"s":[0,0]},{"i":{"x":[0.667,0.667],"y":[1,1]},"o":{"x":[0.167,0.167],"y":[0.167,0.167]},"t":34,"s":[100,100]},{"t":38.0000015477717,"s":[0,0]}],"ix":3},"r":{"a":0,"k":0,"ix":6},"o":{"a":1,"k":[{"i":{"x":[0.833],"y":[0.833]},"o":{"x":[0.333],"y":[0]},"t":17,"s":[0]},{"i":{"x":[0.833],"y":[0.833]},"o":{"x":[0.333],"y":[0]},"t":24,"s":[100]},{"i":{"x":[0.833],"y":[0.833]},"o":{"x":[0.333],"y":[0]},"t":29,"s":[0]},{"i":{"x":[0.833],"y":[0.833]},"o":{"x":[0.333],"y":[0]},"t":34,"s":[100]},{"t":38.0000015477717,"s":[0]}],"ix":7},"sk":{"a":0,"k":0,"ix":4},"sa":{"a":0,"k":0,"ix":5},"nm":"Transform"}],"nm":"left","np":2,"cix":2,"bm":0,"ix":2,"mn":"ADBE Vector Group","hd":false},{"ty":"gr","it":[{"ind":0,"ty":"sh","ix":1,"ks":{"a":0,"k":{"i":[[0,-11.15],[0,0],[0,0],[0,0],[0,0],[0,0],[0,0],[0,0],[-5.687,8.253],[-10.036,2.457],[0,0],[-2.007,2.122],[-3.126,0],[-2.008,-2.117],[0,-2.895],[0,0],[-5.688,-8.249]],"o":[[0,0],[0,0],[0,0],[0,0],[0,0],[0,0],[0,0],[0,-11.15],[5.688,-8.249],[0,0],[0,-2.895],[2.007,-2.117],[3.121,0],[2.007,2.122],[0,0],[10.036,2.457],[5.687,8.253]],"v":[[42.823,2.007],[42.823,37.469],[57.209,51.855],[57.209,58.882],[-57.209,58.882],[-57.209,51.855],[-42.823,37.469],[-42.823,2.007],[-34.292,-27.098],[-10.706,-43.158],[-10.706,-48.176],[-7.695,-55.704],[0,-58.882],[7.695,-55.704],[10.706,-48.176],[10.706,-43.158],[34.292,-27.098]],"c":true},"ix":2},"nm":"Path 1","mn":"ADBE Vector Shape - Group","hd":false},{"ty":"fl","c":{"a":0,"k":[0.234014488669,0.528500605564,0.666641773897,1],"ix":4},"o":{"a":0,"k":100,"ix":5},"r":1,"bm":0,"nm":"Fill 1","mn":"ADBE Vector Graphic - Fill","hd":false},{"ty":"tr","p":{"a":0,"k":[150,139.294],"ix":2},"a":{"a":0,"k":[0,0],"ix":1},"s":{"a":0,"k":[100,100],"ix":3},"r":{"a":1,"k":[{"i":{"x":[0.833],"y":[0.833]},"o":{"x":[0.333],"y":[0]},"t":13,"s":[0]},{"i":{"x":[0.833],"y":[0.833]},"o":{"x":[0.333],"y":[0]},"t":20,"s":[18]},{"i":{"x":[0.833],"y":[0.833]},"o":{"x":[0.333],"y":[0]},"t":26,"s":[-20]},{"i":{"x":[0.833],"y":[0.833]},"o":{"x":[0.333],"y":[0]},"t":31,"s":[18]},{"i":{"x":[0.833],"y":[0.833]},"o":{"x":[0.333],"y":[0]},"t":36,"s":[-8]},{"i":{"x":[0.833],"y":[0.833]},"o":{"x":[0.333],"y":[0]},"t":42,"s":[7]},{"t":47.0000019143492,"s":[0]}],"ix":6},"o":{"a":0,"k":100,"ix":7},"sk":{"a":0,"k":0,"ix":4},"sa":{"a":0,"k":0,"ix":5},"nm":"Transform"}],"nm":"body","np":2,"cix":2,"bm":0,"ix":3,"mn":"ADBE Vector Group","hd":false},{"ty":"gr","it":[{"ind":0,"ty":"sh","ix":1,"ks":{"a":0,"k":{"i":[[2.676,-2.677],[4.015,0],[2.787,2.791],[0,3.796],[0,0]],"o":[[-2.677,2.677],[-4.015,0],[-2.791,-2.786],[0,0],[0,4.015]],"v":[[10.204,3.011],[0.167,7.026],[-10.037,2.844],[-14.219,-7.026],[14.219,-7.026]],"c":true},"ix":2},"nm":"Path 1","mn":"ADBE Vector Shape - Group","hd":false},{"ty":"fl","c":{"a":0,"k":[0.234014488669,0.528500605564,0.666641773897,1],"ix":4},"o":{"a":0,"k":100,"ix":5},"r":1,"bm":0,"nm":"Fill 1","mn":"ADBE Vector Graphic - Fill","hd":false},{"ty":"tr","p":{"a":1,"k":[{"i":{"x":0.833,"y":0.833},"o":{"x":0.167,"y":0.167},"t":0,"s":[149.833,210.561],"to":[0,0],"ti":[0,0]},{"i":{"x":0.833,"y":0.833},"o":{"x":0.167,"y":0.167},"t":13,"s":[149.833,210.561],"to":[-5.167,-1.167],"ti":[0,0]},{"t":22.0000008960784,"s":[149.833,210.561]}],"ix":2},"a":{"a":1,"k":[{"i":{"x":0.833,"y":0.833},"o":{"x":0.167,"y":0.167},"t":0,"s":[0,0],"to":[0,0],"ti":[0,0]},{"i":{"x":0.71,"y":0.837},"o":{"x":0.302,"y":0},"t":13,"s":[0,0],"to":[1.271,0],"ti":[-7.604,-0.006]},{"i":{"x":0.833,"y":0.833},"o":{"x":0.426,"y":0.088},"t":20,"s":[50.647,-4.961],"to":[4.916,0.004],"ti":[1.155,0.035]},{"i":{"x":0.833,"y":0.833},"o":{"x":0.333,"y":0},"t":22,"s":[12,0],"to":[-5.5,-0.167],"ti":[4,-0.167]},{"i":{"x":0.649,"y":0.724},"o":{"x":0.302,"y":0},"t":26,"s":[-47.6,-1],"to":[-0.596,0.025],"ti":[-9.125,0.548]},{"i":{"x":0.833,"y":0.833},"o":{"x":0.407,"y":0.426},"t":28,"s":[-15.921,-1.914],"to":[21.205,-1.272],"ti":[-6.042,-0.303]},{"i":{"x":0.683,"y":0.852},"o":{"x":0.297,"y":0},"t":32,"s":[31.6,-5],"to":[4.952,0.248],"ti":[8.153,-0.483]},{"i":{"x":0.833,"y":0.833},"o":{"x":0.431,"y":0.143},"t":38,"s":[-16.042,0],"to":[-6.351,0.376],"ti":[-1.326,-0.074]},{"i":{"x":1,"y":1},"o":{"x":0.333,"y":0},"t":41,"s":[17,1],"to":[6,0.333],"ti":[0,0]},{"i":{"x":0.833,"y":0.833},"o":{"x":0.167,"y":0},"t":46,"s":[-8,0],"to":[0,0],"ti":[0,0]},{"t":50.0000020365418,"s":[0,0]}],"ix":1},"s":{"a":0,"k":[100,100],"ix":3},"r":{"a":1,"k":[{"i":{"x":[0.833],"y":[0.833]},"o":{"x":[0.167],"y":[0.167]},"t":0,"s":[0]},{"i":{"x":[0.833],"y":[0.833]},"o":{"x":[0.333],"y":[0]},"t":13,"s":[0]},{"i":{"x":[0.833],"y":[0.833]},"o":{"x":[0.333],"y":[0]},"t":18,"s":[12.286]},{"i":{"x":[0.833],"y":[0.833]},"o":{"x":[0.333],"y":[0]},"t":20,"s":[20]},{"i":{"x":[0.833],"y":[0.833]},"o":{"x":[0.333],"y":[0]},"t":22,"s":[4.667]},{"i":{"x":[0.833],"y":[0.833]},"o":{"x":[0.333],"y":[0]},"t":26,"s":[-16]},{"i":{"x":[0.833],"y":[0.833]},"o":{"x":[0.333],"y":[0]},"t":32,"s":[16]},{"i":{"x":[0.833],"y":[0.833]},"o":{"x":[0.333],"y":[0]},"t":38,"s":[-5]},{"i":{"x":[0.833],"y":[0.833]},"o":{"x":[0.333],"y":[0]},"t":41,"s":[5]},{"t":46.0000018736184,"s":[0]}],"ix":6},"o":{"a":0,"k":100,"ix":7},"sk":{"a":0,"k":0,"ix":4},"sa":{"a":0,"k":0,"ix":5},"nm":"Transform"}],"nm":"tip","np":2,"cix":2,"bm":0,"ix":4,"mn":"ADBE Vector Group","hd":false}],"ip":0,"op":60.0000024438501,"st":0,"bm":0}],"markers":[]}